1,353,354,,,1,Entrega,0E-8,0.00,,0.00,0.00,0.00,,,,,4,
2,1589,1590,7893398807107,2,0,Entrega,1.00000000,1.00,,0.00,0.00,0.00,,,,,4,
3,1595,1596,,,0,Service Tax,0E-8,0.00,,0.00,0.00,0.00,,,,,4,
104,3075,3076,7891910000197,92,0,Açucar refinado União 1kg,1.00000000,7.00,,0.00,0.00,0.00,,,4,4,3,1
129,3519,3520,7891150037458,110,0,Shampoo Seda Anti Caspa,1.00000000,11.00,,0.00,0.00,0.00,,,4,5,3,1
101,3045,3046,088313816600,90,0,Farinha de milho cezão,1.00000000,5.20,,0.00,0.00,0.00,,,4,4,3,1
223,4469,4470,7793100111143,197,0,Pasta de Dente Colgate Total 12Horas 90g,1.00000000,8.00,,0.00,0.00,0.00,,,4,5,3,1
53,2507,2508,7896286613637,45,0,Biscoito Doce Quero Quero Tradicional 400g,1.00000000,6.00,,0.00,0.00,0.00,,,4,4,3,1
107,3105,3106,7898119782510,95,0,Farofa costelinha com limão,1.00000000,9.00,,0.00,0.00,0.00,,,4,4,3,1
98,3019,3020,7896333200025,88,0,milho de pipoca Bonomilho,1.00000000,4.60,,0.00,0.00,0.00,,,4,4,3,1
55,2527,2528,7896212920181,47,0,Bolacha Maisena Cristal 360g,1.00000000,5.85,,0.00,0.00,0.00,,,4,4,3,1
207,4309,4310,4005808257584,181,0,Desodorante Nivea Active Dry,1.00000000,9.00,,0.00,0.00,0.00,,,4,5,3,1
184,4079,4080,7791293012087,158,0,Desodorante Dove Men Proteção Total,1.00000000,17.15,,0.00,0.00,0.00,,,4,5,3,1
118,3311,3312,7898015990200,102,0,Feijao Rendoso 1kg,1.00000000,9.40,,0.00,0.00,0.00,,,4,4,3,1
19,2159,2160,7622300989408,14,0,Bolacha oreo morango,1.00000000,4.00,,0.00,0.00,0.00,,,4,4,3,1
213,4369,4370,7891010503505,187,0,Loção Hidratante Johnsons Baby 200ml,1.00000000,20.00,,0.00,0.00,0.00,,,4,5,3,1
17,2139,2140,7622300989316,12,0,Bis Oreo Lacta,1.00000000,7.30,,0.00,0.00,0.00,,,4,4,3,1
12,2093,2094,7622210573933,8,0,Bolacha Trakinas Torta Limao,1.00000000,3.40,,0.00,0.00,0.00,,,4,4,3,1
7,2027,2028,7898909747170,3,0,Pano de prato,1.00000000,8.60,,0.00,0.00,0.00,,,4,2,3,1
142,3653,3654,7891150037366,122,0,Condicionador Seda Oleo Hidratação,1.00000000,13.00,,0.00,0.00,0.00,,,4,5,3,1
39,2355,2356,7891000350119,32,0,Cookie Alpino Nestle,1.00000000,3.15,,0.00,0.00,0.00,,,4,4,3,1
41,2375,2376,7891000247648,34,0,Cookie Chocolate Nestle,1.00000000,3.15,,0.00,0.00,0.00,,,4,4,3,1
21,2179,2180,7891000089279,16,0,Bolacha Nescau Nestle,1.00000000,4.70,,0.00,0.00,0.00,,,4,4,3,1
9,2063,2064,7622210592750,5,0,Bolacha Trakinas Chocolate,1.00000000,3.40,,0.00,0.00,0.00,,,4,4,3,1
16,2129,2130,7622300807399,11,0,Bis ao leite Lacta,1.00000000,6.80,,0.00,0.00,0.00,,,4,4,3,1
8,2049,2050,7622210573919,4,0,Bolacha Trakinas Tutti Frutti,0.01000000,3.40,,0.00,0.00,0.00,,,4,4,3,1
14,2113,2114,7622300807283,10,0,Bis Branco Lacta,1.00000000,6.80,,0.00,0.00,0.00,,,4,4,3,1
35,2315,2316,7898215151807,28,0,Pirakids Piracanjuba 200ml,1.00000000,2.00,,0.00,0.00,0.00,,,4,4,3,1
50,2477,2478,7898142865143,42,0,Caixa de Bombom Tortuguita Arcor,1.00000000,10.20,,0.00,0.00,0.00,,,4,4,3,1
48,2457,2458,7891008116632,40,0,Caixa de Bombom Garoto garotices,1.00000000,12.15,,0.00,0.00,0.00,,,4,4,3,1
61,2583,2584,7896061301865,52,0,Bolacha Salgada Tucś Pizza,1.00000000,2.30,,0.00,0.00,0.00,,,4,4,3,1
58,2553,2554,7622300830151,49,0,Bolacha Oreo Tradicional 90g,1.00000000,4.00,,0.00,0.00,0.00,,,4,4,3,1
82,2733,2734,7898202610652,72,1,Colher Descartavel 20un,1.00000000,5.50,,0.00,0.00,0.00,,,4,2,3,1
31,2279,2280,7898080640611,26,0,Leite Italac Integral 1L,1.00000000,7.00,,0.00,0.00,0.00,,,4,4,3,1
64,2613,2614,7898209650668,55,0,Bolacha Fomitos Chocolate 100g,1.00000000,1.60,,0.00,0.00,0.00,,,4,4,3,1
22,2189,2190,7622210568816,17,0,Bolacha Club Social Cebola,1.00000000,5.20,,0.00,0.00,0.00,,,4,4,3,1
23,2199,2200,7896003706536,18,0,Bolacha Pit Stop Original,1.00000000,4.85,,0.00,0.00,0.00,,,4,4,3,1
24,2209,2210,7896003702880,19,0,Bolacha Pit Stop Pizza,1.00000000,4.85,,0.00,0.00,0.00,,,4,4,3,1
46,2437,2438,7896100501829,38,0,"Suco de Uva Integral Aliança 1,5L",1.00000000,14.00,,0.00,0.00,0.00,,,4,4,3,1
25,2219,2220,7896003702866,20,0,Bolacha Pit Stop Presunto,1.00000000,4.85,,0.00,0.00,0.00,,,4,4,3,1
60,2573,2574,7896080872032,51,0,Bolacha Salgada Liane Tradicional,1.00000000,2.00,,0.00,0.00,0.00,,,4,4,3,1
66,2633,2634,7896286618403,57,0,Bolacha Hipopo Baunilha 110g,1.00000000,1.60,,0.00,0.00,0.00,,,4,4,3,1
62,2593,2594,7891000304556,53,0,Bolacha Nesfit Nestle Cacau e Cereais,1.00000000,4.20,,0.00,0.00,0.00,,,4,4,3,1
52,2497,2498,7896005223475,44,0,Bolacha Salt Plus Original 360g,1.00000000,6.70,,0.00,0.00,0.00,,,4,4,3,1
18,2149,2150,7622210833389,13,0,Bis Black Lacta,1.00000000,7.50,,0.00,0.00,0.00,,,4,4,3,1
65,2623,2624,7896286618397,56,0,Bolacha Hipopo Doce de Leite 110g,1.00000000,1.60,,0.00,0.00,0.00,,,4,4,3,1
11,2083,2084,7622210592781,7,0,Bolacha Trakinas Morango,1.00000000,3.40,,0.00,0.00,0.00,,,4,4,3,1
63,2603,2604,7898209650675,54,0,Bolacha Fomitos Morango 100g,1.00000000,1.60,,0.00,0.00,0.00,,,4,4,3,1
78,2709,2710,7898202612007,68,1,Canudo Flexivel Descartavel 100un,1.00000000,5.00,,0.00,0.00,0.00,,,4,2,3,1
10,2073,2074,7622210592668,6,0,Bolacha Trakinas Chocolate branco,1.00000000,3.40,,0.00,0.00,0.00,,,4,4,3,1
13,2103,2104,7622210592637,9,0,Bolacha Trakinas ChocoMorango,1.00000000,3.40,,0.00,0.00,0.00,,,4,4,3,1
20,2169,2170,7891000241356,15,0,Bolacha Passatempo Nestle,1.00000000,3.00,,0.00,0.00,0.00,,,4,4,3,1
88,2789,2790,7896212919895,78,0,Arroz Cristal 2kg,1.00000000,12.50,,0.00,0.00,0.00,,,4,4,3,1
204,4279,4280,7896014080212,178,0,Desodorante Red Apple Rollon Natural,1.00000000,5.70,,0.00,0.00,0.00,,,4,5,3,1
67,2643,2644,7897384700731,58,1,"Papel Manteiga Boreda 7,5m",1.00000000,4.20,,0.00,0.00,0.00,,,4,2,3,1
85,2759,2760,7896212919918,75,0,Arroz California 5kg,1.00000000,25.90,,0.00,0.00,0.00,,,4,4,3,1
193,4169,4170,7506306233362,167,0,Desodorante Axe Urban,1.00000000,12.20,,0.00,0.00,0.00,,,4,5,3,1
96,2999,3000,7892300026452,86,0,Creme de milho sinha 500g,1.00000000,2.80,,0.00,0.00,0.00,,,4,4,3,1
140,3625,3626,7891150049628,120,0,Shampoo Seda Abacate,1.00000000,11.00,,0.00,0.00,0.00,,,4,5,3,1
123,3361,3362,7898185000068,107,0,Açucar ecoçúcar 5kg,1.00000000,19.00,,0.00,0.00,0.00,,,4,4,3,1
26,2229,2230,7896003706581,21,0,Bolacha Pit Stop Queijo,1.00000000,4.85,,0.00,0.00,0.00,,,4,4,3,1
127,3493,3494,7898185000051,111,0,açucar ecoçucar 2kg,1.00000000,7.50,,0.00,0.00,0.00,,,4,4,3,1
74,2685,2686,7898964097043,64,1,Assadeira Multiuso Descartavel,1.00000000,6.00,,0.00,0.00,0.00,,,4,2,3,1
115,3281,3282,7895132557088,99,0,Farinha de puba do pará,1.00000000,5.85,,0.00,0.00,0.00,,,4,4,3,1
27,2239,2240,7896003706598,22,0,Bolacha Pit Stop Pao na Chapa,1.00000000,4.85,,0.00,0.00,0.00,,,4,4,3,1
34,2305,2306,7896434920549,27,0,Leite Triangulo Integral 1L,1.00000000,6.75,,0.00,0.00,0.00,,,4,4,3,1
38,2345,2346,7898921667708,31,0,Bolacha Wafer Chocolate Amanda,1.00000000,2.00,,0.00,0.00,0.00,,,4,4,3,1
42,2385,2386,7896003737417,35,0,Bolachinha Teens Bauny,1.00000000,4.50,,0.00,0.00,0.00,,,4,4,3,1
121,3341,3342,7898015990194,105,0,Feijão carioca liderança 1kg,1.00000000,10.00,,0.00,0.00,0.00,,,4,4,3,1
28,2249,2250,7896003705195,23,0,Magic Toast Peito de Peru,1.00000000,6.45,,0.00,0.00,0.00,,,4,4,3,1
54,2517,2518,7896080862132,46,0,Bolacha Maisena Liane 400g,1.00000000,6.40,,0.00,0.00,0.00,,,4,4,3,1
45,2427,2428,7896005402320,37,0,Suco DaFruta Tangerina 1L,1.00000000,5.00,,0.00,0.00,0.00,,,4,4,3,1
29,2259,2260,7891000345658,24,0,Bolacha Negresco nestle,1.00000000,3.00,,0.00,0.00,0.00,,,4,4,3,1
217,4409,4410,7899706181754,191,0,Protetor Solar Diario FPS60 Loreal Paris,1.00000000,47.50,,0.00,0.00,0.00,,,4,5,3,1
216,4399,4400,7898670901672,190,0,Sabonete Facial Pre Make,1.00000000,8.50,,0.00,0.00,0.00,,,4,5,3,1
198,4219,4220,7896049528512,172,0,Desodorante Herbissimo Tradicional,1.00000000,4.50,,0.00,0.00,0.00,,,4,5,3,1
132,3551,3552,7891150037519,114,0,Shampoo Seda Liso Perfeito,1.00000000,11.00,,0.00,0.00,0.00,,,4,5,3,1
180,4031,4032,7506306241183,155,0,Desodorante Dove Original,1.00000000,17.40,,0.00,0.00,0.00,,,4,5,3,1
56,2537,2538,7896022205164,48,0,Bolacha Cream Cracker 360g,1.00000000,5.00,,0.00,0.00,0.00,,,4,4,3,1
178,4011,4012,7791293033235,153,0,Desodorante Dove Beauty Finish,1.00000000,17.40,,0.00,0.00,0.00,,,4,5,3,1
36,2325,2326,7896434920716,29,0,Chocotri Triangulo 200ml,1.00000000,2.00,,0.00,0.00,0.00,,,4,4,3,1
102,3055,3056,7896333200117,1,0,Flocão bonomilho 500g,1.00000000,2.60,,0.00,0.00,0.00,,,4,4,3,1
97,3009,3010,7892300026629,87,0,Fubá mimoso sinha 500g,1.00000000,2.80,,0.00,0.00,0.00,,,4,,3,1
169,3921,3922,7891037000322,144,0,Creme de Pentear Seda Cachos Definidos,1.00000000,10.75,,0.00,0.00,0.00,,,4,5,3,1
40,2365,2366,7891000339237,33,0,Cookie Prestigio Nestle,1.00000000,3.15,,0.00,0.00,0.00,,,4,4,3,1
59,2563,2564,7622300873554,50,0,Bolacha Oreo Chocolate 90g,1.00000000,4.00,,0.00,0.00,0.00,,,4,4,3,1
83,2739,2740,7896026800754,73,0,Papel Toalha Stylus,1.00000000,4.20,,0.00,0.00,0.00,,,4,2,3,1
49,2467,2468,7891000325131,41,0,Caixa de Bombom Nestle Especialidades,1.00000000,13.00,,0.00,0.00,0.00,,,4,4,3,1
30,2269,2270,7896022204624,25,0,Bolacha Renata Chocolate,1.00000000,8.85,,0.00,0.00,0.00,,,4,4,3,1
146,3711,3712,7891150037472,126,0,Shampoo Seda Crespo Force,1.00000000,11.00,,0.00,0.00,0.00,,,4,5,3,1
91,2819,2820,7898015990019,81,0,Arroz Liderança 5kg,1.00000000,24.00,,0.00,0.00,0.00,,,4,4,3,1
51,2487,2488,7896071025638,43,0,Rosquinha Mabel Coco 600g,1.00000000,9.80,,0.00,0.00,0.00,,,4,4,3,1
100,3035,3036,7892300026742,89,0,Canjica de milho Sinhá,1.00000000,2.70,,0.00,0.00,0.00,,,4,4,3,1
47,2447,2448,7622210596413,39,0,Caixa de Bombom Lacta Favoritos,1.00000000,14.65,,0.00,0.00,0.00,,,4,4,3,1
224,4479,4480,7500435134415,198,0,Escova de dente OralB,1.00000000,3.00,,0.00,0.00,0.00,,,4,5,3,1
194,4179,4180,7891150080973,168,0,Desodorante Axe Musk,1.00000000,12.20,,0.00,0.00,0.00,,,4,5,3,1
94,2979,2980,7896035990088,84,0,Massa para tapioca amafil 500g,1.00000000,7.65,,0.00,0.00,0.00,,,4,4,3,1
86,2769,2770,7898091630014,76,0,Arroz Sol e Mar 5kg,1.00000000,24.99,,0.00,0.00,0.00,,,4,4,3,1
79,2715,2716,7896085600807,69,1,Embalagem Para Alimentos Freezer Micro Ondas,1.00000000,5.50,,0.00,0.00,0.00,,,4,2,3,1
93,2839,2840,7896212919888,83,0,Arroz Cristal 5kg,1.00000000,26.90,,0.00,0.00,0.00,,,4,4,3,1
95,2989,2990,7896602901004,85,0,popcorn pipoca de microondas sabor manteiga suave,1.00000000,2.50,,0.00,0.00,0.00,,,4,4,3,1
43,2395,2396,7896005402757,36,0,Suco DaFruta Maracuja,1.00000000,5.00,,0.00,0.00,0.00,,,4,4,3,1
143,3675,3676,7891150037465,123,0,Condicionador Seda Cachos Definidos,1.00000000,13.00,,0.00,0.00,0.00,,,4,5,3,1
37,2335,2336,7896212920167,30,0,Bolacha Wafer Morango Cristal,1.00000000,2.00,,0.00,0.00,0.00,,,4,4,3,1
119,3321,3322,7896602900304,103,0,Amendoim torrado Pachá,1.00000000,9.60,,0.00,0.00,0.00,,,4,4,3,1
105,3085,3086,7894500120091,93,0,farinha de mandioca natural vô domingos,1.00000000,5.90,,0.00,0.00,0.00,,,4,4,3,1
89,2799,2800,7898461320118,79,0,Arroz Painho 5kg,1.00000000,20.00,,0.00,0.00,0.00,,,4,4,3,1
75,2691,2692,7898901478317,65,1,Copo de cafe Descartavel 50ml,1.00000000,3.00,,0.00,0.00,0.00,,,4,2,3,1
114,3271,3272,7898119782329,98,0,Farofa picante,1.00000000,9.00,,0.00,0.00,0.00,,,4,4,3,1
199,4229,4230,7896049528604,173,0,Desodorante Herbissimo Fresh,1.00000000,4.50,,0.00,0.00,0.00,,,4,5,3,1
69,2655,2656,7898933283224,59,1,Papel Filme de PVC Wyda 15m,1.00000000,4.50,,0.00,0.00,0.00,,,4,,3,1
208,4319,4320,78923409,182,0,Desodorante Rexona Rollon Active Dry,1.00000000,10.00,,0.00,0.00,0.00,,,4,5,3,1
126,3483,3484,7898091630083,108,0,feijão boa safra 1kg,1.00000000,10.60,,0.00,0.00,0.00,,,4,4,3,1
141,3643,3644,7891150067516,121,0,Condicionador Seda Oleo de Coco,1.00000000,13.00,,0.00,0.00,0.00,,,4,5,3,1
70,2661,2662,7898933283033,60,1,"Folha de Aluminio 7,5m",1.00000000,5.00,,0.00,0.00,0.00,,,4,2,3,1
170,3931,3932,7891037144705,145,0,7891037144705,1.00000000,10.75,,0.00,0.00,0.00,,,4,5,3,1
176,3991,3992,7891350034639,151,0,Desodorante Monange Frutas Vermelhas,1.00000000,8.70,,0.00,0.00,0.00,,,4,5,3,1
205,4289,4290,4005900036704,179,0,Desodorante Nivea Black And White Clear,1.00000000,9.00,,0.00,0.00,0.00,,,4,5,3,1
108,3115,3116,7898119782534,96,0,Farofa Sabor picanha com uva passas,1.00000000,9.00,,0.00,0.00,0.00,,,4,4,3,1
128,3505,3506,7891150037632,109,0,Condicionador Seda Liso Extremo,1.00000000,13.00,,0.00,0.00,0.00,,,4,5,3,1
116,3291,3292,7895468723805,100,0,Farinha de mandioca caseira torrada,1.00000000,4.90,,0.00,0.00,0.00,,,4,4,3,1
185,4089,4090,7500435135047,159,0,Desodorante Old Spice LENHA,1.00000000,14.75,,0.00,0.00,0.00,,,4,5,3,1
80,2721,2722,7897257128266,70,1,Tampas para Potes 50un,1.00000000,7.00,,0.00,0.00,0.00,,,4,2,3,1
84,2749,2750,7898917173381,74,0,Oleo de cozinha Comigo 900ml,1.00000000,9.00,,0.00,0.00,0.00,,,4,4,3,1
87,2779,2780,8600340506509,77,0,Banha Caseira Isa 1kg,1.00000000,24.00,,0.00,0.00,0.00,,,4,4,3,1
195,4189,4190,7891150080966,169,0,Desodorante Axe Marine,1.00000000,12.20,,0.00,0.00,0.00,,,4,5,3,1
120,3331,3332,7892300002562,104,0,Amendoim sinhá,1.00000000,9.95,,0.00,0.00,0.00,,,4,4,3,1
147,3721,3722,7891150037571,127,0,Shampoo Seda Restauração Instantanea,1.00000000,11.00,,0.00,0.00,0.00,,,4,5,3,1
135,3577,3578,7891150037526,116,0,Shampoo Seda Preto Luminosos,1.00000000,11.00,,0.00,0.00,0.00,,,4,5,3,1
150,3751,3752,7891150037595,130,0,Shampoo Seda Cachos Definidos,1.00000000,11.00,,0.00,0.00,0.00,,,4,5,3,1
90,2809,2810,7898461320040,80,0,Arroz Tio Jorge 5kg,1.00000000,25.80,,0.00,0.00,0.00,,,4,4,3,1
71,2667,2668,7898202615039,61,1,Garfo descartavel 50un,1.00000000,4.30,,0.00,0.00,0.00,,,4,2,3,1
92,2829,2830,7898461320156,82,0,Arroz Gol 5kg,1.00000000,24.00,,0.00,0.00,0.00,,,4,4,3,1
103,3065,3066,7898383860044,91,0,Açucar mascavo claro 1kg Frutos da terra,1.00000000,12.90,,0.00,0.00,0.00,,,4,4,3,1
72,2673,2674,7898901478539,62,1,Prato Descartavel 10un,1.00000000,4.00,,0.00,0.00,0.00,,,4,2,3,1
124,3465,3466,7891150037502,108,0,Shampoo Seda Liso Extremo,1.00000000,11.00,,0.00,0.00,0.00,,,4,5,3,1
149,3741,3742,7891150067509,129,0,Shampoo Seda Oleo De Coco,1.00000000,11.00,,0.00,0.00,0.00,,,4,5,3,1
144,3691,3692,7891150037397,124,0,Shampoo Seda Ceramidas,1.00000000,11.00,,0.00,0.00,0.00,,,4,5,3,1
106,3095,3096,7894500120107,94,0,Farinha caseira temperada Vô domingos 400g,1.00000000,6.50,,0.00,0.00,0.00,,,4,4,3,1
153,3781,3782,7891150037601,133,0,Shampoo PH NEUTRO,1.00000000,11.00,,0.00,0.00,0.00,,,4,5,3,1
133,3561,3562,7891150037328,115,0,Condiocionador Seda Liso Perfeito,1.00000000,13.00,,0.00,0.00,0.00,,,4,5,3,1
156,3807,3808,7891150080089,135,0,Shampoo Seda Colageno,1.00000000,11.00,,0.00,0.00,0.00,,,4,5,3,1
154,3791,3792,7891150037588,134,0,Shampoo Seda Mel e Aveia,1.00000000,11.00,,0.00,0.00,0.00,,,4,5,3,1
225,4489,4490,7897517920432,199,0,Escova de dente KESS infantil,1.00000000,4.40,,0.00,0.00,0.00,,,4,5,3,1
151,3761,3762,7891150063440,131,0,Shampoo Seda Agua Micelar Hialuronico,1.00000000,11.00,,0.00,0.00,0.00,,,4,5,3,1
76,2697,2698,7898901478287,66,1,Copo Descartavel 200ml,1.00000000,6.11,,0.00,0.00,0.00,,,4,2,3,1
179,4021,4022,7791293033266,154,0,Desodorante Dove Go Fresh Vermelho,1.00000000,17.40,,0.00,0.00,0.00,,,4,5,3,1
218,4419,4420,7898945559065,192,0,Hidratante Pes e Corpo Nutryderm,1.00000000,5.55,,0.00,0.00,0.00,,,4,5,3,1
81,2727,2728,7898139600498,71,1,Embalagem para alimentos,1.00000000,15.70,,0.00,0.00,0.00,,,4,2,3,1
77,2703,2704,7896080900643,67,1,Espetos de Bambu Parana 50un,1.00000000,4.50,,0.00,0.00,0.00,,,4,,3,1
122,3351,3352,7897760500023,106,0,Açucar 5kg cristal vale,1.00000000,19.00,,0.00,0.00,0.00,,,4,4,3,1
137,3593,3594,7891150037342,117,0,Condicionador Seda Pretos Luminosos,1.00000000,13.00,,0.00,0.00,0.00,,,4,5,3,1
182,4059,4060,7791293014838,156,0,Desodorante Dove Men Sem Perfume,1.00000000,17.15,,0.00,0.00,0.00,,,4,5,3,1
131,3541,3542,7891150056572,113,0,Shampoo Seda Oleo de Argan,1.00000000,11.00,,0.00,0.00,0.00,,,4,5,3,1
117,3301,3302,7898461320101,101,0,Feijão preto tio jorge 1kg,1.00000000,9.70,,0.00,0.00,0.00,,,4,4,3,1
73,2679,2680,7898933061303,63,1,Guardanapos de Papel 50un,1.00000000,1.50,,0.00,0.00,0.00,,,4,2,3,1
214,4379,4380,7899706135832,188,0,Protetor Solar Loreal Paris FPS70 120ml,1.00000000,58.85,,0.00,0.00,0.00,,,4,5,3,1
136,3583,3584,7897167100222,118,0,sal marinho fino 1kg sosal,1.00000000,2.30,,0.00,0.00,0.00,,,4,4,3,1
209,4329,4330,78924352,183,0,Desodorante Rexona Rollon Cotton Dry,1.00000000,9.50,,0.00,0.00,0.00,,,4,5,3,1
200,4239,4240,7871746263645,174,0,Desodorante Red Apple Unissex,1.00000000,5.00,,0.00,0.00,0.00,,,4,5,3,1
109,3125,3126,7898119782299,97,0,Farofa de bacon,1.00000000,9.00,,0.00,0.00,0.00,,,4,4,3,1
206,4299,4300,4005900036759,180,0,Desodorante Nivea Black And White invisible,1.00000000,9.00,,0.00,0.00,0.00,,,4,5,3,1
186,4099,4100,7500435135061,160,0,Desodorante Old Spice VIP,1.00000000,14.75,,0.00,0.00,0.00,,,4,5,3,1
171,3941,3942,7898422745301,146,0,Creme de Pentear Seda Pretos Luminosos,1.00000000,10.75,,0.00,0.00,0.00,,,4,5,3,1
145,3701,3702,7891150037250,125,0,Condicionador Seda Ceramidas,1.00000000,13.00,,0.00,0.00,0.00,,,4,5,3,1
148,3731,3732,7891150060685,128,0,Shampoo Seda Babosa,1.00000000,11.00,,0.00,0.00,0.00,,,4,5,3,1
177,4001,4002,7506306241169,152,0,Desodorante Dove Go Fresh,1.00000000,17.40,,0.00,0.00,0.00,,,4,5,3,1
196,4199,4200,7791293032498,170,0,Desodorante Rexona Bamboo,1.00000000,15.00,,0.00,0.00,0.00,,,4,5,3,1
226,4499,4500,7891037744356,200,0,Pasta de dente Closeup 90g,1.00000000,4.30,,0.00,0.00,0.00,,,4,5,3,1
139,3613,3614,7897167100239,119,0,sal marinho grosso 1kg Dunas,1.00000000,2.50,,0.00,0.00,0.00,,,4,4,3,1
201,4249,4250,7896014080427,175,0,Desodorante Red Apple Acropole,1.00000000,5.00,,0.00,0.00,0.00,,,4,5,3,1
219,4429,4430,7702018001071,193,0,Prestobarba Gillete Mach3,1.00000000,25.00,,0.00,0.00,0.00,,,4,5,3,1
210,4339,4340,78924338,184,0,Desodorante Rexona Rollon Powder Dry,1.00000000,9.50,,0.00,0.00,0.00,,,4,5,3,1
152,3771,3772,7891150037564,132,0,Shampoo Seda Cha Verde,1.00000000,11.00,,0.00,0.00,0.00,,,4,5,3,1
157,3817,3818,7891150037540,136,0,Shampoo Seda Oleo Hidratação,1.00000000,11.00,,0.00,0.00,0.00,,,4,5,3,1
187,4109,4110,7500435135030,161,0,Desodorante Old Spice Pegador,1.00000000,14.75,,0.00,0.00,0.00,,,4,5,3,1
183,4069,4070,7791293022819,157,0,Desodorante Dove Men Invisible Dry,1.00000000,17.15,,0.00,0.00,0.00,,,4,5,3,1
202,4259,4260,7896014080410,176,0,Desodorante Red Apple Natural,1.00000000,5.00,,0.00,0.00,0.00,,,4,5,3,1
215,4389,4390,7702018951123,189,0,Espuma de barbear Gillette Prestobarba,1.00000000,14.50,,0.00,0.00,0.00,,,4,5,3,1
220,4439,4440,7702018118823,194,0,Prestobarba Proback2,1.00000000,2.00,,0.00,0.00,0.00,,,4,5,3,1
211,4349,4350,7896004818412,185,0,Sabonete Intimo Suave,1.00000000,9.00,,0.00,0.00,0.00,,,4,5,3,1
227,4509,4510,7891150049888,201,0,Pasta de dente CloseUp Hortela 70g,1.00000000,3.50,,0.00,0.00,0.00,,,4,5,3,1
197,4209,4210,7791293032467,171,0,Desodorante Rexona Cotton Dry,1.00000000,15.00,,0.00,0.00,0.00,,,4,5,3,1
172,3951,3952,7891037010048,147,0,Creme de Pentear Seda Liso Perfeito,1.00000000,10.75,,0.00,0.00,0.00,,,4,5,3,1
158,3827,3828,7891150037427,137,0,Condicionador Seda Restauração Instantanea,1.00000000,13.00,,0.00,0.00,0.00,,,4,5,3,1
203,4269,4270,7896014080229,177,0,Desodorante Red Apple Rollon Acropole,1.00000000,5.70,,0.00,0.00,0.00,,,4,5,3,1
228,4519,4520,7896115701795,202,0,Pasta de dente TraLaLa 50g,1.00000000,5.00,,0.00,0.00,0.00,,,4,5,3,1
221,4449,4450,7500435154420,195,0,Prestobarba Gillette2,1.00000000,3.00,,0.00,0.00,0.00,,,4,5,3,1
159,3837,3838,7891150080096,138,0,Condicionador Seda Colageno,1.00000000,13.00,,0.00,0.00,0.00,,,4,5,3,1
188,4119,4120,7791293022567,162,0,Desodorante Rexona V8,1.00000000,15.00,,0.00,0.00,0.00,,,4,5,3,1
212,4359,4360,7891150053786,186,0,Sabonete Liquido Rexona Fresh,1.00000000,5.50,,0.00,0.00,0.00,,,4,5,3,1
222,4459,4460,7500435150279,196,0,Pasta de Dente OralB,1.00000000,8.60,,0.00,0.00,0.00,,,4,5,3,1
229,4529,4530,7500435147194,203,0,Pasta de dente OralB Carvão 75g,1.00000000,13.10,,0.00,0.00,0.00,,,4,5,3,1
160,3847,3848,7891150063457,139,0,Condicionador Seda HidraMicelar,1.00000000,13.00,,0.00,0.00,0.00,,,4,5,3,1
173,3961,3962,7891150064300,148,0,Desodorante Rexona Clinical,1.00000000,16.30,,0.00,0.00,0.00,,,4,5,3,1
189,4129,4130,7791293022598,163,0,Desodorante Rexona Active Dry,1.00000000,15.00,,0.00,0.00,0.00,,,4,5,3,1
161,3857,3858,7891150037489,140,0,Condicionador Seda Frutas Vermelhas,1.00000000,13.00,,0.00,0.00,0.00,,,4,5,3,1
190,4139,4140,7791293022581,164,0,Desodorante Rexona XTRACOOL,1.00000000,15.00,,0.00,0.00,0.00,,,4,5,3,1
230,4539,4540,7891024134610,204,0,Pasta de dente Colgate 180g,1.00000000,6.75,,0.00,0.00,0.00,,,4,5,3,1
162,3867,3868,7891150060722,141,0,Condicionador Seda Babosa,1.00000000,13.00,,0.00,0.00,0.00,,,4,5,3,1
174,3971,3972,7506306214989,149,0,Desodorante Rexona Classic,1.00000000,16.30,,0.00,0.00,0.00,,,4,5,3,1
231,4549,4550,7891024134702,205,0,Pasta de dente Colgate 90g,1.00000000,3.75,,0.00,0.00,0.00,,,4,5,3,1
191,4149,4150,7791293025780,165,0,Desodorante Axe Apollo,1.00000000,12.20,,0.00,0.00,0.00,,,4,5,3,1
163,3877,3878,7891150037441,142,0,Condicionador Seda Mel e Aveia,1.00000000,13.00,,0.00,0.00,0.00,,,4,5,3,1
232,4559,4560,7891528029498,206,0,Pasta de dente Sorriso 70g,1.00000000,2.30,,0.00,0.00,0.00,,,4,5,3,1
165,3893,3894,7891150049604,143,0,Condicionador Seda Abacate,1.00000000,13.00,,0.00,0.00,0.00,,,4,5,3,1
175,3981,3982,7891350034622,150,0,Desodorante Monange Flor de Lavanda,1.00000000,8.70,,0.00,0.00,0.00,,,4,5,3,1
192,4159,4160,7791293028781,166,0,Desodorante Axe Black,1.00000000,12.20,,0.00,0.00,0.00,,,4,5,3,1
233,4569,4570,7896051020127,207,0,Palito de dente Gina,1.00000000,1.00,,0.00,0.00,0.00,,,4,5,3,1
130,3529,3530,7891150056589,112,1,Condicionador Seda Oleo de Argan,1.00000000,13.00,,0.00,0.00,0.00,,,4,5,3,1
290,5555,5556,7896058595468,253,0,Pescoço de girafa de morango dori,1.00000000,2.00,,0.00,0.00,0.00,,,4,4,3,1
299,5909,5910,7896110011585,258,0,FRALDA PERSONAL(G),1.00000000,23.00,,0.00,0.00,0.00,,,4,5,3,1
291,5565,5566,7891000248768,254,0,"barra Kit kat 41,5g",1.00000000,3.50,,0.00,0.00,0.00,,,4,4,3,1
294,5837,5838,7500435154772,255,0,prestobarba gillete 3 laminas,1.00000000,3.50,,0.00,0.00,0.00,,,4,5,3,1
235,4995,4996,7896339811102,208,0,Papel higiênco 12 Rolos premium,15.60000000,20.00,,0.00,0.00,0.00,,,4,5,3,1
298,5899,5900,7896110011561,257,0,FRAUDA PERSONAL (P),1.00000000,23.00,,0.00,0.00,0.00,,,4,5,3,1
236,5005,5006,7896914011217,209,0,Papel higiênico 12 rolos Deluxe,1.00000000,12.00,,0.00,0.00,0.00,,,4,5,3,1
239,5047,5048,7896212920143,210,0,Bolacha Wafer Chocolate Cristal,1.00000000,2.00,,0.00,0.00,0.00,,,4,4,3,1
240,5059,5060,7896101711012,211,0,Sal Refinado Marlin 1kg,1.00000000,2.30,,0.00,0.00,0.00,,,4,4,3,1
300,5919,5920,7896110011608,259,0,FRALDA PERSONAL (XXG),1.00000000,23.00,,0.00,0.00,0.00,,,4,,3,1
244,5105,5106,7896002110211,212,0,PINGA 29 (CAROTINHO),1.00000000,4.50,,0.00,0.00,0.00,,,4,6,3,1
245,5117,5118,7891000284933,213,0,Leite Ninho Nestle 380g,1.00000000,24.65,,0.00,0.00,0.00,,,4,4,3,1
295,5863,5864,7896589100186,256,0,VINHO MIORANZA (TINTO SUAVE) 1L,1.00000000,18.00,,0.00,0.00,0.00,,,4,4,3,1
247,5137,5138,7891079013038,215,0,Cup Noodles Galinha Caipira,1.00000000,6.00,,0.00,0.00,0.00,,,4,4,3,1
246,5127,5128,7891079013069,214,0,Cup Noodles Galinha Picante,1.00000000,6.00,,0.00,0.00,0.00,,,4,4,3,1
248,5147,5148,7896523107950,216,0,Bicarbonato De Sodio FA 80g,1.00000000,2.50,,0.00,0.00,0.00,,,4,4,3,1
249,5157,5158,7896080870144,217,0,Bolacha Cream Cracker Liane 330g,1.00000000,6.00,,0.00,0.00,0.00,,,4,4,3,1
251,5177,5178,7896000705952,219,0,Tinta Cor e Tom 2.0 Preto,1.00000000,11.50,,0.00,0.00,0.00,,,4,5,3,1
250,5167,5168,7898142865044,218,0,Tortuguita Baunilha ARCOR,0.50000000,1.00,,0.00,0.00,0.00,,,4,4,3,1
252,5187,5188,7896000705976,220,0,Tinta Cor e Ton 4.0 Castanho Medio,1.00000000,11.50,,0.00,0.00,0.00,,,4,5,3,1
302,5935,5936,7897208800012,260,0,AGUA SANITARIA (QBÃO),1.00000000,2.90,,0.00,0.00,0.00,,,4,8,3,1
253,5197,5198,7896000705945,221,0,Tinta Cor e Ton 1.0 Preto Azulado,1.00000000,11.50,,0.00,0.00,0.00,,,4,5,3,1
254,5207,5208,7896000705969,222,0,Tinta Cor e Ton 3.0 Castanho Escuro,1.00000000,11.50,,0.00,0.00,0.00,,,4,5,3,1
256,5223,5224,7896000706034,223,0,Tinta Cor e Ton 8.0 Louro Claro,1.00000000,11.50,,0.00,0.00,0.00,,,4,5,3,1
257,5233,5234,7898468516248,224,0,Tinta Alfaparf Alta Moda 11.01 Ouro Platinado,1.00000000,12.75,,0.00,0.00,0.00,,,4,5,3,1
258,5243,5244,7896014183241,225,0,Tinta Loreal Paris 810 Louro Champagne,1.00000000,22.65,,0.00,0.00,0.00,,,4,5,3,1
263,5293,5294,7896013544128,230,0,Tinta Maxton 6.7 Chocolate,1.00000000,11.00,,0.00,0.00,0.00,,,4,5,3,1
284,5503,5504,7898489521153,250,0,Sabonete Davene Flor de Cereja,1.00000000,4.20,,0.00,0.00,0.00,,,4,5,3,1
288,5539,5540,7896212910106,252,0,Feijão carioca cristral,1.00000000,12.30,,0.00,0.00,0.00,,,4,4,3,1
274,5405,5406,7891150060296,240,0,Sabonete lux Rosas francesas 125G,1.00000000,3.20,,0.00,0.00,0.00,,,4,5,3,1
259,5253,5254,7891182016735,226,0,Tinta Soft Color 70 Louro Natural,1.00000000,19.50,,0.00,0.00,0.00,,,4,5,3,1
277,5435,5436,7899706187343,243,0,Shampoo Elseve Hidra Hialuronico,1.00000000,12.00,,0.00,0.00,0.00,,,4,5,3,1
275,5415,5416,7891150059870,241,0,Sabonete lux Rosas francesas 85g,1.00000000,2.30,,0.00,0.00,0.00,,,4,5,3,1
278,5445,5446,7899706187404,244,0,Condicionador Elseve Hidra Hialuronico,1.00000000,13.80,,0.00,0.00,0.00,,,4,5,3,1
260,5263,5264,7896013544319,227,0,Tinta Maxton 8.1 Louro Claro Acizentado,1.00000000,9.75,,0.00,0.00,0.00,,,4,5,3,1
261,5273,5274,7896013563846,228,0,Tinta Maxton 10.111 Louro Cinza Clarissimo Super Intenso,1.00000000,9.25,,0.00,0.00,0.00,,,4,5,3,1
262,5283,5284,7896013544098,229,0,Tinta Maxton 2.0 Preto Natural,1.00000000,11.00,,0.00,0.00,0.00,,,4,5,3,1
264,5303,5304,7896013544210,231,0,Tinta Maxton 5.0 Castanho Claro,1.00000000,11.00,,0.00,0.00,0.00,,,4,5,3,1
266,5323,5324,7896902209114,233,0,Acetona Farmax,1.00000000,3.50,,0.00,0.00,0.00,,,4,5,3,1
265,5313,5314,7891182016865,232,0,Tinta Soft Color 40 Castanho Medio,1.00000000,18.00,,0.00,0.00,0.00,,,4,5,3,1
267,5333,5334,7898489521160,234,0,Sabonete Davene Flor de Maracuja 150g,1.00000000,4.20,,0.00,0.00,0.00,,,4,5,3,1
269,5353,5354,7896970000231,236,0,Sabonete Marluce Erva Doce,1.00000000,1.50,,0.00,0.00,0.00,,,4,5,3,1
268,5343,5344,7898489521139,235,0,Sabonete Davene Flor de Lavanda,1.00000000,4.20,,0.00,0.00,0.00,,,4,5,3,1
271,5375,5376,7896000706010,237,0,Tinta Cor e Ton 6.0 Louro Escuro,1.00000000,11.50,,0.00,0.00,0.00,,,4,5,3,1
272,5385,5386,7896111919552,238,0,Esmalte Impala Perolado Lua,1.00000000,3.50,,0.00,0.00,0.00,,,4,5,3,1
273,5395,5396,7891150060289,239,0,Sabonete Lux Buque De Jasmim 125g,1.00000000,3.20,,0.00,0.00,0.00,,,4,5,3,1
276,5425,5426,7896602900212,242,0,Milho para pipoca Pachá,1.00000000,4.50,,0.00,0.00,0.00,,,4,4,3,1
279,5457,5458,7899706187466,245,1,Creme de Pentear Elseve Hidra Hialuronico,1.00000000,11.90,,0.00,0.00,0.00,,,4,5,3,1
280,5463,5464,7899706170895,246,0,Creme de Pentear Elseve Longo dos Sonhos,1.00000000,11.90,,0.00,0.00,0.00,,,4,5,3,1
281,5473,5474,7896026838245,247,0,Papel Higienico Paloma Neutro,1.00000000,3.65,,0.00,0.00,0.00,,,4,5,3,1
282,5483,5484,7896111907665,248,0,Esmalte Impala Tratamento,1.00000000,3.50,,0.00,0.00,0.00,,,4,5,3,1
283,5493,5494,7896083800018,249,0,Agua Sanitaria QBOA 1L,1.00000000,4.25,,0.00,0.00,0.00,,,4,5,3,1
285,5513,5514,7896098904671,251,0,Agua sanitária Ypê 1Lt,1.00000000,3.80,,0.00,0.00,0.00,,,4,2,3,1
338,6323,6324,7896098900239,286,0,DETERGENTE YPE (COCO) 500ML,1.00000000,3.15,,0.00,0.00,0.00,,,4,2,3,1
323,6167,6168,7891035040412,273,0,"VANISH GEL MULTI USO (BRACO) 1,5LT",1.00000000,21.20,						,0.00,0.00,0.00,,,4,2,3,1
325,6191,6192,7891022080049,275,0,PINHO BRIL (PIHO SILVESTRE) 1LT,1.00000000,9.65,,0.00,0.00,0.00,,,4,2,3,1
354,6455,6456,7896083800025,295,0,Agua Sanitaria QBOA 2L,1.00000000,7.70,,0.00,0.00,0.00,,,4,2,3,1
327,6211,6212,7897938900075,277,0,LIMPA ALUMINIO (TRADICINAL) 500ML,1.00000000,6.49,,0.00,0.00,0.00,,,4,2,3,1
321,6147,6148,7506195143872,271,0,AMACIATE CONCENTDO DOWNY (FRESCOR DE PRIMA VERA) 500ML,1.00000000,13.50,,0.00,0.00,0.00,,,4,2,3,1
364,6545,6546,7702626153803,300,0,EAS-OFF LIMPA FORNOS 250ML,1.00000000,15.49,,0.00,0.00,0.00,,,4,2,3,1
339,6333,6334,7891022640007,287,0,DETERGENTE LIMPOL (COCO) 500ML,1.00000000,3.15,,0.00,0.00,0.00,,,4,2,3,1
316,6101,6102,7896083800827,267,0,AMACIANTE QBOA (CARINHO) 2LT,1.00000000,8.50,,0.00,0.00,0.00,,,4,2,3,1
347,6401,6402,7896040704618,292,0,CASA E PEFUME (SENSALIDADE) 500ML,1.00000000,4.46,,0.00,0.00,0.00,,,4,2,3,1
313,6071,6072,7896098909768,264,0,"SABAO EM PO TIXAN YPE (PRIMAVERA) 1,600KG",2.00000000,23.30,,0.00,0.00,0.00,,,4,2,3,1
309,6043,6044,7896098909744,263,0,SABAO EM PO TIXAN YPE (PRIMAVERA) 800G,2.00000000,13.99,,0.00,0.00,0.00,,,4,2,3,1
307,6025,6026,7891150064317,262,0,Sabão em pó omo lavagem perfeita 800G,1.00000000,17.00,,0.00,0.00,0.00,,,4,2,3,1
306,6015,6016,7891150064331,261,0,"Sabão em pó omo lavagem perfeita  1,600Kg",1.00000000,28.99,,0.00,0.00,0.00,,,4,2,3,1
314,6081,6082,7896098902486,265,0,AMACIANTE YPE (ACONCHEGO) 2LT,1.00000000,11.20,,0.00,0.00,0.00,,,4,2,3,1
340,6343,6344,7891022637007,288,0,DETERGENTE LIMPOL (LIMAO) 500ML,1.00000000,3.15,,0.00,0.00,0.00,,,4,2,3,1
320,6137,6138,7506195143834,270,0,AMACIATE CONCENTDO DOWNY (BRISA DE VERAO) 500ML,1.00000000,13.50,,0.00,0.00,0.00,,,4,,3,1
344,6379,6380,7896040703710,291,0,CASA E PEFUME (SENSALIDADE) 1LT,1.00000000,7.60,,0.00,0.00,0.00,,,4,2,3,1
326,6201,6202,7891022854244,276,0,PINHO BRIL PINHO SILVESTRE) 500ML,1.00000000,3.80,,0.00,0.00,0.00,,,4,2,3,1
322,6157,6158,7891035040504,272,0,"VANISH GEL ULTI USO (ROSA) 1,5LT",1.00000000,21.20,,0.00,0.00,0.00,,,4,2,3,1
315,6091,6092,7896040707831,266,0,AMACIANTE AMACITEL (OCEANO PROFUNDO) 2LT,1.00000000,8.90,,0.00,0.00,0.00,,,4,2,3,1
324,6177,6178,7891022100334,274,0,PINHO BRIL (FLORES DE LIMAO) 1LT,1.00000000,7.50,,0.00,0.00,0.00,,,4,2,3,1
341,6353,6354,7891022100372,289,0,DETERGENTE LIMPOL (CRISTAL) 500ML,1.00000000,3.15,,0.00,0.00,0.00,,,4,2,3,1
319,6127,6128,7506195143858,269,0,AMACIATE CONCENTDO DOWNY (LIRIOS DO CAMPO) 500ML,3.00000000,13.50,,0.00,0.00,0.00,,,4,2,3,1
318,6117,6118,7896040706841,268,0,AMACIANTE AMACITEL (ALEGRES ENCANTOS),1.00000000,8.90,,0.00,0.00,0.00,,,4,2,3,1
328,6221,6222,7891035800214,278,0,VEJA MULTUSO (ORIGINAL),1.00000000,4.75,,0.00,0.00,0.00,,,4,2,3,1
330,6243,6244,7891035800054,280,0,VEJA COZINHA (DESENGORDRANTE) SPRAY 500ML,1.00000000,16.90,,0.00,0.00,0.00,,,4,2,3,1
358,6483,6484,7897938900020,296,0,PERFECTO REMOVEDOR DE SUJEIRA 1LT,1.00000000,10.99,,0.00,0.00,0.00,,,4,2,3,1
348,6411,6412,7891035249013,293,0,VEJA PERFUME (LAVANDA) 1LT,1.00000000,9.50,,0.00,0.00,0.00,,,4,2,3,1
329,6231,6232,7891150071742,279,0,CIF MULTIUSO ANTIBAC 500ML,1.00000000,5.65,,0.00,0.00,0.00,,,4,2,3,1
342,6363,6364,7891022638004,290,0,DETERGENTE LIMPOL (NEUTRO) 500ML,1.00000000,3.15,,0.00,0.00,0.00,,,4,2,3,1
331,6259,6260,7908324403329,281,0,SABAO EM PO MINUANO (OLEOS FLORAIS E ENZIMAS ATIVAS) 1.6KG,1.00000000,19.50,,0.00,0.00,0.00,,,4,2,3,1
334,6281,6282,7908324403312,282,0,SABAO EM PO MINUANO (OLEOS FLORAIS E ENZIMAS ATIVAS) 800g,1.00000000,11.00,,0.00,0.00,0.00,,,4,2,3,1
359,6493,6494,7891323075287,297,0,CORANTE XADREZ(VERMELHO) 50ML,1.00000000,4.80,,0.00,0.00,0.00,,,4,14,3,1
350,6427,6428,7908324402865,294,0,SABAO EM BARRA MINUANO (NEUTRO) 5 UNIDADES,1.00000000,12.00,,0.00,0.00,0.00,,,4,2,3,1
360,6507,6508,7891323075195,298,0,"CORANTE XADREZ(BRANCO,AMARELO) 50ML",1.00000000,4.80,,0.00,0.00,0.00,,,4,14,3,1
335,6291,6292,7898929286208,283,0,SABAO EM PO BONNY (FLORAL) 400g,1.00000000,3.49,,0.00,0.00,0.00,,,4,2,3,1
361,6517,6518,7891323075256,299,0,CORANTE XADREZ(PRETO) 50ML,1.00000000,4.80,,0.00,0.00,0.00,,,4,14,3,1
336,6301,6302,7891150086449,284,0,SABAO EM PO BRIHANTE (LIMPEZA TOTAL),1.00000000,23.95,,0.00,0.00,0.00,,,4,2,3,1
337,6313,6314,7896098900215,285,0,DETERGENTE YPE (MAÇÃ) 500ML,1.00000000,3.15,,0.00,0.00,0.00,,,4,2,3,1
